date,day,treatment,sym_state,tank_id,coral_id,fvfm1,fvfm2,fvfm3
11/2/18,2,cold,Sym,cold_1,R2,0.628,0.654,0.517
11/2/18,2,cold,Sym,cold_1,I2,0.686,0.583,0.635
11/2/18,2,cold,Sym,cold_1,H8,0.627,0.656,0.667
11/2/18,2,cold,Sym,cold_1,J3,0.622,0.68,0.684
11/2/18,2,cold,Sym,cold_1,M2,0.682,0.681,0.694
11/2/18,2,cold,Sym,cold_1,F2,0.594,0.68,0.698
11/2/18,2,cold,Sym,cold_1,L3,0.653,0.687,0.646
11/2/18,2,cold,Sym,cold_1,C4,0.603,0.686,0.696
11/2/18,2,cold,Sym,cold_1,D2,0.613,0.639,0.55
11/2/18,2,cold,Sym,cold_1,B2,0.582,0.683,0.689
11/2/18,2,cold,Sym,cold_2,D5,0.651,0.552,0.677
11/2/18,2,cold,Sym,cold_2,L7,0.688,0.677,0.647
11/2/18,2,cold,Sym,cold_2,J8,0.602,0.58,0.614
11/2/18,2,cold,Sym,cold_2,I5,0.527,0.692,0.653
11/2/18,2,cold,Sym,cold_2,F5,0.601,0.659,NA
11/2/18,2,cold,Sym,cold_2,M5,0.58,0.653,0.608
11/2/18,2,cold,Sym,cold_2,R5,0.654,0.572,0.696
11/2/18,2,cold,Sym,cold_2,B5,0.678,0.686,0.671
11/2/18,2,cold,Sym,cold_2,C7,0.556,0.684,0.636
11/2/18,2,cold,Sym,cold_2,H13,0.692,0.563,0.642
11/2/18,2,cold,Sym,cold_3,I8,0.635,0.678,0.691
11/2/18,2,cold,Sym,cold_3,B8,0.609,0.676,0.595
11/2/18,2,cold,Sym,cold_3,D11,0.597,0.529,0.434
11/2/18,2,cold,Sym,cold_3,R8,0.618,0.652,0.532
11/2/18,2,cold,Sym,cold_3,F8,0.637,0.679,0.597
11/2/18,2,cold,Sym,cold_3,J14,0.654,0.629,0.649
11/2/18,2,cold,Sym,cold_3,C10,0.669,0.536,0.58
11/2/18,2,cold,Sym,cold_3,H21,0.678,0.612,0.699
11/2/18,2,cold,Sym,cold_3,L11,0.656,0.597,0.672
11/2/18,2,control,Sym,control_3,H20,0.646,0.683,0.596
11/2/18,2,control,Sym,control_3,J13,0.621,0.63,0.527
11/2/18,2,control,Sym,control_3,F7,0.561,0.616,0.683
11/2/18,2,control,Sym,control_3,I7,0.64,0.552,0.631
11/2/18,2,control,Sym,control_3,B7,0.535,0.616,0.603
11/2/18,2,control,Sym,control_3,D7,0.615,0.595,0.568
11/2/18,2,control,Sym,control_3,M7,0.616,0.599,0.63
11/2/18,2,control,Sym,control_3,R7,0.655,0.648,0.652
11/2/18,2,control,Sym,control_3,C9,0.699,0.649,0.633
11/2/18,2,control,Sym,control_2,B4,0.614,0.641,0.662
11/2/18,2,control,Sym,control_2,J7,0.596,0.625,0.621
11/2/18,2,control,Sym,control_2,M4,0.629,0.651,0.631
11/2/18,2,control,Sym,control_2,D4,0.598,0.62,0.629
11/2/18,2,control,Sym,control_2,R4,0.634,0.624,0.642
11/2/18,2,control,Sym,control_2,I4,0.629,0.654,0.652
11/2/18,2,control,Sym,control_2,H12,0.643,0.678,0.509
11/2/18,2,control,Sym,control_2,F4,0.588,0.613,0.593
11/2/18,2,control,Sym,control_2,C6,0.578,0.658,0.558
11/2/18,2,control,Sym,control_2,L6,0.681,0.665,0.589
11/2/18,2,control,Sym,control_1,C2,0.669,0.608,0.64
11/2/18,2,control,Sym,control_1,M1,0.645,0.606,0.563
11/2/18,2,control,Sym,control_1,J1,0.668,0.613,0.667
11/2/18,2,control,Sym,control_1,R1,0.664,0.671,0.658
11/2/18,2,control,Sym,control_1,L2,0.644,0.672,0.532
11/2/18,2,control,Sym,control_1,H4,0.654,0.64,0.617
11/2/18,2,control,Sym,control_1,I1,0.638,0.643,0.639
11/2/18,2,control,Sym,control_1,F1,0.623,0.647,0.695
11/2/18,2,control,Sym,control_1,D1,0.615,0.534,0.576
11/2/18,2,control,Sym,control_1,B1,0.67,0.624,0.634
11/2/18,2,heat,Sym,heat_1,B3,0.534,0.572,0.653
11/2/18,2,heat,Sym,heat_1,M3,0.565,0.638,0.617
11/2/18,2,heat,Sym,heat_1,J6,0.554,0.663,0.582
11/2/18,2,heat,Sym,heat_1,F3,0.616,0.625,0.592
11/2/18,2,heat,Sym,heat_1,I3,0.66,0.699,0.62
11/2/18,2,heat,Sym,heat_1,R3,0.644,0.645,0.691
11/2/18,2,heat,Sym,heat_1,H9,0.661,0.644,0.604
11/2/18,2,heat,Sym,heat_1,L4,0.648,0.531,0.599
11/2/18,2,heat,Sym,heat_1,D3,0.594,0.527,0.54
11/2/18,2,heat,Sym,heat_1,C5,0.665,0.646,0.615
11/2/18,2,heat,Sym,heat_2,D6,0.63,0.55,0.597
11/2/18,2,heat,Sym,heat_2,B6,0.658,0.646,0.603
11/2/18,2,heat,Sym,heat_2,L8,0.502,0.62,0.499
11/2/18,2,heat,Sym,heat_2,M6,0.646,0.553,0.636
11/2/18,2,heat,Sym,heat_2,C8,0.567,0.689,0.542
11/2/18,2,heat,Sym,heat_2,J11,0.611,0.652,0.653
11/2/18,2,heat,Sym,heat_2,H19,0.558,0.586,0.621
11/2/18,2,heat,Sym,heat_2,R11,0.625,0.645,0.623
11/2/18,2,heat,Sym,heat_2,F6,0.627,0.616,0.605
11/2/18,2,heat,Sym,heat_2,I6,0.621,0.637,0.58
11/2/18,2,heat,Sym,heat_3,L10,0.67,0.668,0.67
11/2/18,2,heat,Sym,heat_3,B9,0.689,0.605,0.602
11/2/18,2,heat,Sym,heat_3,D9,0.485,0.551,0.556
11/2/18,2,heat,Sym,heat_3,F9,0.515,0.607,0.647
11/2/18,2,heat,Sym,heat_3,R9,0.597,0.571,0.564
11/2/18,2,heat,Sym,heat_3,I9,0.635,0.611,0.544
11/2/18,2,heat,Sym,heat_3,H18,0.543,0.614,0.652
11/2/18,2,heat,Sym,heat_3,C11,0.358,NA,NA
11/2/18,2,heat,Sym,heat_3,J15,0.571,0.634,0.664
11/5/18,5,cold,Sym,cold_1,C4,0.606,0.687,0.65
11/5/18,5,cold,Sym,cold_1,D2,0.502,0.573,0.491
11/5/18,5,cold,Sym,cold_1,B2,0.612,0.631,0.644
11/5/18,5,cold,Sym,cold_1,R2,0.648,0.615,0.651
11/5/18,5,cold,Sym,cold_1,I2,0.588,0.608,0.562
11/5/18,5,cold,Sym,cold_1,H8,0.515,0.593,0.606
11/5/18,5,cold,Sym,cold_1,J3,0.669,0.671,0.627
11/5/18,5,cold,Sym,cold_1,M2,0.616,0.668,0.668
11/5/18,5,cold,Sym,cold_1,F2,0.664,0.632,0.639
11/5/18,5,cold,Sym,cold_1,L3,0.554,0.584,0.569
11/5/18,5,cold,Apo,cold_1,E4,0.322,0.416,0.301
11/5/18,5,cold,Apo,cold_1,K2,0.32,0.373,0.34
11/5/18,5,cold,Apo,cold_1,A2,0.515,0.498,0.496
11/5/18,5,cold,Apo,cold_1,H2,0.389,0.476,0.487
11/5/18,5,cold,Apo,cold_1,P2,0.519,0.606,0.609
11/5/18,5,cold,Apo,cold_1,N2,0.589,0.541,0.565
11/5/18,5,cold,Sym,cold_2,B5,0.606,0.613,0.626
11/5/18,5,cold,Sym,cold_2,C7,0.558,0.551,0.532
11/5/18,5,cold,Sym,cold_2,H13,0.627,0.659,0.648
11/5/18,5,cold,Sym,cold_2,D5,0.6,0.588,0.566
11/5/18,5,cold,Sym,cold_2,L7,0.61,0.581,0.658
11/5/18,5,cold,Sym,cold_2,J8,0.554,0.622,0.577
11/5/18,5,cold,Sym,cold_2,I5,0.553,0.637,0.573
11/5/18,5,cold,Sym,cold_2,F5,0.478,0.541,0.488
11/5/18,5,cold,Sym,cold_2,M5,0.381,0.352,0.454
11/5/18,5,cold,Sym,cold_2,R5,0.673,0.642,0.639
11/5/18,5,cold,Apo,cold_2,Q4,0.308,0.407,0.477
11/5/18,5,cold,Apo,cold_2,K5,0.551,0.548,0.637
11/5/18,5,cold,Apo,cold_2,A5,0.492,0.583,0.584
11/5/18,5,cold,Apo,cold_2,E9,0.537,0.589,0.513
11/5/18,5,cold,Apo,cold_2,N5,0.392,0.51,0.512
11/5/18,5,cold,Apo,cold_2,H6,0.588,0.553,0.568
11/5/18,5,cold,Sym,cold_3,C10,0.443,0.452,0.386
11/5/18,5,cold,Sym,cold_3,H21,0.596,0.634,0.522
11/5/18,5,cold,Sym,cold_3,L11,0.397,0.337,0.474
11/5/18,5,cold,Sym,cold_3,I8,0.554,0.462,0.614
11/5/18,5,cold,Sym,cold_3,B8,0.604,0.647,0.636
11/5/18,5,cold,Sym,cold_3,D11,0.324,0.4,0.483
11/5/18,5,cold,Sym,cold_3,R8,0.588,0.581,0.559
11/5/18,5,cold,Sym,cold_3,F8,0.578,0.646,0.568
11/5/18,5,cold,Sym,cold_3,J14,0.637,0.562,0.617
11/5/18,5,cold,Apo,cold_3,A8,0.246,0.331,0.311
11/5/18,5,cold,Apo,cold_3,H11,0.316,0.442,0.26
11/5/18,5,cold,Apo,cold_3,Q10,0.658,0.549,0.665
11/5/18,5,cold,Apo,cold_3,N8,0.669,0.5,0.684
11/5/18,5,cold,Apo,cold_3,E10,0.556,0.694,0.55
11/5/18,5,cold,Apo,cold_3,O2,0.401,0.432,0.414
11/5/18,5,control,Sym,control_3,M7,0.639,0.634,0.619
11/5/18,5,control,Sym,control_3,R7,0.657,0.632,0.633
11/5/18,5,control,Sym,control_3,C9,0.583,0.509,0.578
11/5/18,5,control,Sym,control_3,H20,0.622,0.567,0.562
11/5/18,5,control,Sym,control_3,J13,0.653,0.651,0.657
11/5/18,5,control,Sym,control_3,F7,0.61,0.583,0.575
11/5/18,5,control,Sym,control_3,I8,0.627,0.581,0.6
11/5/18,5,control,Sym,control_3,B7,0.538,0.526,0.575
11/5/18,5,control,Sym,control_3,D7,0.521,0.605,0.573
11/5/18,5,control,Apo,control_3,K7,0.287,0.522,0.564
11/5/18,5,control,Apo,control_3,H10,0.522,0.399,0.498
11/5/18,5,control,Apo,control_3,A7,0.498,0.526,0.574
11/5/18,5,control,Apo,control_3,O1,0.302,0.598,0.594
11/5/18,5,control,Apo,control_3,N7,0.29,0.31,0.304
11/5/18,5,control,Apo,control_3,E11,0.44,0.5,0.469
11/5/18,5,control,Sym,control_2,F4,0.649,0.601,0.613
11/5/18,5,control,Sym,control_2,C6,0.603,0.52,0.595
11/5/18,5,control,Sym,control_2,L6,0.484,0.46,0.59
11/5/18,5,control,Sym,control_2,B4,0.587,0.629,0.615
11/5/18,5,control,Sym,control_2,J7,0.631,0.679,0.614
11/5/18,5,control,Sym,control_2,M4,0.492,0.471,0.545
11/5/18,5,control,Sym,control_2,D4,0.588,0.649,0.599
11/5/18,5,control,Sym,control_2,R4,0.661,0.653,0.693
11/5/18,5,control,Sym,control_2,I4,0.61,0.618,0.674
11/5/18,5,control,Sym,control_2,H12,0.585,0.634,0.595
11/5/18,5,control,Apo,control_2,E7,0.498,0.415,0.521
11/5/18,5,control,Apo,control_2,N4,0.465,0.516,0.61
11/5/18,5,control,Apo,control_2,Q1,0.442,0.55,0.595
11/5/18,5,control,Apo,control_2,K4,0.585,0.585,0.616
11/5/18,5,control,Apo,control_2,A4,0.541,0.507,0.509
11/5/18,5,control,Apo,control_2,H5,0.494,0.58,0.643
11/5/18,5,control,Sym,control_1,F1,0.628,0.624,0.656
11/5/18,5,control,Sym,control_1,D1,0.611,0.583,0.573
11/5/18,5,control,Sym,control_1,B1,0.638,0.637,0.596
11/5/18,5,control,Sym,control_1,C2,0.589,0.574,0.567
11/5/18,5,control,Sym,control_1,M1,0.486,0.502,0.561
11/5/18,5,control,Sym,control_1,J1,0.603,0.608,0.512
11/5/18,5,control,Sym,control_1,R1,0.676,0.644,0.688
11/5/18,5,control,Sym,control_1,L2,0.516,0.544,0.513
11/5/18,5,control,Sym,control_1,H4,0.651,0.561,0.621
11/5/18,5,control,Sym,control_1,I1,0.636,0.635,0.596
11/5/18,5,control,Apo,control_1,H1,0.567,0.47,0.659
11/5/18,5,control,Apo,control_1,P1,0.426,0.627,0.538
11/5/18,5,control,Apo,control_1,K1,0.566,0.482,0.599
11/5/18,5,control,Apo,control_1,A1,0.354,0.587,0.463
11/5/18,5,control,Apo,control_1,N1,0.41,0.375,0.299
11/5/18,5,control,Apo,control_1,E2,0.566,0.581,0.456
11/5/18,5,heat,Sym,heat_1,L4,0.511,0.551,0.592
11/5/18,5,heat,Sym,heat_1,D3,0.569,0.607,0.587
11/5/18,5,heat,Sym,heat_1,C5,0.573,0.515,0.606
11/5/18,5,heat,Sym,heat_1,B3,0.56,0.56,0.578
11/5/18,5,heat,Sym,heat_1,M3,0.6,0.602,0.548
11/5/18,5,heat,Sym,heat_1,J6,0.631,0.601,0.646
11/5/18,5,heat,Sym,heat_1,F3,0.581,0.635,0.584
11/5/18,5,heat,Sym,heat_1,I3,0.531,0.459,0.483
11/5/18,5,heat,Sym,heat_1,R3,0.652,0.611,0.655
11/5/18,5,heat,Sym,heat_1,H9,0.617,0.573,0.579
11/5/18,5,heat,Apo,heat_1,H3,0.478,0.469,0.579
11/5/18,5,heat,Apo,heat_1,N3,0.51,0.448,0.541
11/5/18,5,heat,Apo,heat_1,K3,0.474,0.541,0.573
11/5/18,5,heat,Apo,heat_1,P3,0.308,0.359,0.409
11/5/18,5,heat,Apo,heat_1,A3,0.538,0.565,0.579
11/5/18,5,heat,Apo,heat_1,E5,0.537,0.552,0.478
11/5/18,5,heat,Sym,heat_2,R11,0.543,0.6,0.578
11/5/18,5,heat,Sym,heat_2,F6,0.539,0.479,0.501
11/5/18,5,heat,Sym,heat_2,I6,0.613,0.615,0.618
11/5/18,5,heat,Sym,heat_2,D6,0.44,0.535,0.507
11/5/18,5,heat,Sym,heat_2,B6,0.555,0.588,0.619
11/5/18,5,heat,Sym,heat_2,L8,0.488,0.43,0.439
11/5/18,5,heat,Sym,heat_2,M6,0.562,0.551,0.608
11/5/18,5,heat,Sym,heat_2,C8,0.523,0.549,0.516
11/5/18,5,heat,Sym,heat_2,J11,0.644,0.644,0.654
11/5/18,5,heat,Sym,heat_2,H19,0.566,0.56,0.535
11/5/18,5,heat,Apo,heat_2,Q7,0.58,0.553,0.483
11/5/18,5,heat,Apo,heat_2,K6,0.614,0.632,0.639
11/5/18,5,heat,Apo,heat_2,A6,0.635,0.594,0.603
11/5/18,5,heat,Apo,heat_2,H7,0.636,0.531,0.462
11/5/18,5,heat,Apo,heat_2,E1,0.511,0.466,0.571
11/5/18,5,heat,Apo,heat_2,N6,0.347,0.486,0.459
11/5/18,5,heat,Sym,heat_3,H18,0.589,0.61,0.627
11/5/18,5,heat,Sym,heat_3,C11,0.527,0.625,0.605
11/5/18,5,heat,Sym,heat_3,J15,0.628,0.6,0.656
11/5/18,5,heat,Sym,heat_3,L10,0.64,0.652,0.657
11/5/18,5,heat,Sym,heat_3,B9,0.615,0.593,0.621
11/5/18,5,heat,Sym,heat_3,D9,0.528,0.543,0.548
11/5/18,5,heat,Sym,heat_3,F9,0.592,0.558,0.63
11/5/18,5,heat,Sym,heat_3,R9,0.487,0.536,0.566
11/5/18,5,heat,Sym,heat_3,I9,0.597,0.557,0.511
11/5/18,5,heat,Apo,heat_3,N9,0.449,0.537,0.459
11/5/18,5,heat,Apo,heat_3,A9,0.615,0.604,0.576
11/5/18,5,heat,Apo,heat_3,O5,0.632,0.619,0.55
11/5/18,5,heat,Apo,heat_3,Q11,0.588,0.568,0.635
11/5/18,5,heat,Apo,heat_3,E3,0.463,0.518,0.464
11/5/18,5,heat,Apo,heat_3,H15,0.459,0.5,0.439
11/8/18,8,cold,Sym,cold_1,L3,0.458,0.572,0.581
11/8/18,8,cold,Sym,cold_1,M2,0.51,0.525,0.535
11/8/18,8,cold,Sym,cold_1,F2,0.57,0.641,0.584
11/8/18,8,cold,Sym,cold_1,C4,0.618,0.581,0.616
11/8/18,8,cold,Sym,cold_1,D2,0.607,0.598,0.665
11/8/18,8,cold,Sym,cold_1,B2,0.555,0.638,0.648
11/8/18,8,cold,Sym,cold_1,R2,0.61,0.689,0.672
11/8/18,8,cold,Sym,cold_1,I2,0.662,0.57,0.656
11/8/18,8,cold,Sym,cold_1,H8,0.622,0.697,0.644
11/8/18,8,cold,Sym,cold_1,J3,0.603,0.697,0.686
11/8/18,8,cold,Apo,cold_1,H2,0.43,0.277,0.349
11/8/18,8,cold,Apo,cold_1,P2,0.566,0.505,0.567
11/8/18,8,cold,Apo,cold_1,N2,0.537,0.521,0.527
11/8/18,8,cold,Apo,cold_1,B4,0.626,0.599,0.693
11/8/18,8,cold,Apo,cold_1,K2,0.561,0.593,0.572
11/8/18,8,cold,Apo,cold_1,A2,0.674,0.596,0.533
11/8/18,8,cold,Sym,cold_2,F5,0.635,0.631,0.612
11/8/18,8,cold,Sym,cold_2,M5,0.447,0.557,0.528
11/8/18,8,cold,Sym,cold_2,R5,0.498,0.569,0.564
11/8/18,8,cold,Sym,cold_2,B5,0.631,0.61,0.609
11/8/18,8,cold,Sym,cold_2,C7,0.457,0.395,0.414
11/8/18,8,cold,Sym,cold_2,H13,0.513,0.54,0.524
11/8/18,8,cold,Sym,cold_2,D5,0.464,0.366,0.491
11/8/18,8,cold,Sym,cold_2,L9,0.368,0.455,0.373
11/8/18,8,cold,Sym,cold_2,J8,0.595,0.658,0.558
11/8/18,8,cold,Sym,cold_2,I5,0.636,0.616,0.614
11/8/18,8,cold,Apo,cold_2,E9,0.461,0.451,0.388
11/8/18,8,cold,Apo,cold_2,N5,0.37,0.402,0.392
11/8/18,8,cold,Apo,cold_2,H6,0.667,0.623,0.569
11/8/18,8,cold,Apo,cold_2,Q4,0.4,0.34,0.365
11/8/18,8,cold,Apo,cold_2,K5,0.314,0.258,0.325
11/8/18,8,cold,Apo,cold_2,A5,0.517,0.511,0.515
11/8/18,8,cold,Sym,cold_3,R8,0.486,0.593,0.535
11/8/18,8,cold,Sym,cold_3,F8,0.635,0.573,0.601
11/8/18,8,cold,Sym,cold_3,J14,0.596,0.638,0.614
11/8/18,8,cold,Sym,cold_3,C10,0.523,0.519,0.573
11/8/18,8,cold,Sym,cold_3,L11,0.433,0.415,0.498
11/8/18,8,cold,Sym,cold_3,H21,0.44,0.418,0.424
11/8/18,8,cold,Sym,cold_3,I8,0.627,0.605,0.611
11/8/18,8,cold,Sym,cold_3,B8,0.649,0.57,0.623
11/8/18,8,cold,Sym,cold_3,D11,0.447,0.315,0.321
11/8/18,8,cold,Apo,cold_3,H11,0.328,0.445,0.368
11/8/18,8,cold,Apo,cold_3,Q10,0.668,0.66,0.661
11/8/18,8,cold,Apo,cold_3,N8,0.563,0.603,0.638
11/8/18,8,cold,Apo,cold_3,E10,0.48,0.543,0.514
11/8/18,8,cold,Apo,cold_3,O2,0.548,0.487,0.585
11/8/18,8,cold,Apo,cold_3,A8,0.59,0.653,0.64
11/8/18,8,control,Sym,control_1,L2,0.64,0.646,0.591
11/8/18,8,control,Sym,control_1,H4,0.662,0.632,0.62
11/8/18,8,control,Sym,control_1,I1,0.578,0.622,0.604
11/8/18,8,control,Sym,control_1,F1,0.644,0.621,0.636
11/8/18,8,control,Sym,control_1,D1,0.601,0.568,0.576
11/8/18,8,control,Sym,control_1,B1,0.66,0.658,0.576
11/8/18,8,control,Sym,control_1,C2,0.634,0.638,0.603
11/8/18,8,control,Sym,control_1,M1,0.591,0.606,0.583
11/8/18,8,control,Sym,control_1,J1,0.641,0.669,0.6
11/8/18,8,control,Sym,control_1,R1,0.671,0.682,0.649
11/8/18,8,control,Apo,control_1,A1,0.537,0.543,0.596
11/8/18,8,control,Apo,control_1,N1,0.313,0.355,0.328
11/8/18,8,control,Apo,control_1,E2,0.532,0.592,0.608
11/8/18,8,control,Apo,control_1,H1,0.686,0.675,0.68
11/8/18,8,control,Apo,control_1,P1,0.674,0.657,0.597
11/8/18,8,control,Apo,control_1,K1,0.651,0.679,0.663
11/8/18,8,control,Sym,control_2,R4,0.613,0.641,0.635
11/8/18,8,control,Sym,control_2,I4,0.66,0.662,0.619
11/8/18,8,control,Sym,control_2,H12,0.491,0.368,0.456
11/8/18,8,control,Sym,control_2,F4,0.619,0.649,0.598
11/8/18,8,control,Sym,control_2,C6,0.533,0.581,0.619
11/8/18,8,control,Sym,control_2,L6,0.566,0.658,0.654
11/8/18,8,control,Sym,control_2,B4,0.645,0.664,0.577
11/8/18,8,control,Sym,control_2,J7,0.644,0.662,0.614
11/8/18,8,control,Sym,control_2,M4,0.655,0.63,0.694
11/8/18,8,control,Sym,control_2,D4,0.612,0.543,0.587
11/8/18,8,control,Apo,control_2,K4,0.495,0.642,0.623
11/8/18,8,control,Apo,control_2,A4,0.333,0.471,0.409
11/8/18,8,control,Apo,control_2,H5,0.543,0.597,0.636
11/8/18,8,control,Apo,control_2,E7,0.33,0.37,0.449
11/8/18,8,control,Apo,control_2,N4,0.578,0.637,0.616
11/8/18,8,control,Apo,control_2,Q1,0.63,0.635,0.607
11/8/18,8,control,Sym,control_3,I7,0.645,0.69,0.67
11/8/18,8,control,Sym,control_3,B7,0.66,0.603,0.634
11/8/18,8,control,Sym,control_3,D7,0.609,0.584,0.633
11/8/18,8,control,Sym,control_3,M7,0.632,0.639,0.621
11/8/18,8,control,Sym,control_3,R7,0.596,0.58,0.576
11/8/18,8,control,Sym,control_3,C9,0.542,0.489,0.58
11/8/18,8,control,Sym,control_3,H20,0.472,0.565,0.485
11/8/18,8,control,Sym,control_3,J13,0.663,0.669,0.662
11/8/18,8,control,Sym,control_3,F7,0.641,0.639,0.636
11/8/18,8,control,Apo,control_3,O1,0.624,0.557,0.629
11/8/18,8,control,Apo,control_3,N7,0.38,0.348,0.386
11/8/18,8,control,Apo,control_3,E11,0.575,0.619,0.651
11/8/18,8,control,Apo,control_3,K7,0.327,0.388,0.423
11/8/18,8,control,Apo,control_3,H10,0.508,0.558,0.471
11/8/18,8,control,Apo,control_3,A7,0.601,0.565,0.564
11/8/18,8,heat,Sym,heat_1,I3,0.649,0.689,0.571
11/8/18,8,heat,Sym,heat_1,R3,0.605,0.672,0.606
11/8/18,8,heat,Sym,heat_1,H9,0.616,0.576,0.601
11/8/18,8,heat,Sym,heat_1,L4,0.609,0.516,0.601
11/8/18,8,heat,Sym,heat_1,D3,0.5,0.566,0.577
11/8/18,8,heat,Sym,heat_1,C5,0.559,0.57,0.614
11/8/18,8,heat,Sym,heat_1,B3,0.631,0.554,0.609
11/8/18,8,heat,Sym,heat_1,M3,0.632,0.574,0.539
11/8/18,8,heat,Sym,heat_1,J6,0.605,0.611,0.613
11/8/18,8,heat,Sym,heat_1,F3,0.629,0.607,0.603
11/8/18,8,heat,Apo,heat_1,P3,0.371,0.41,0.459
11/8/18,8,heat,Apo,heat_1,A3,0.586,0.649,0.596
11/8/18,8,heat,Apo,heat_1,E5,0.609,0.565,0.653
11/8/18,8,heat,Apo,heat_1,H3,0.602,0.504,0.592
11/8/18,8,heat,Apo,heat_1,N3,0.652,0.633,0.619
11/8/18,8,heat,Apo,heat_1,K3,0.632,0.689,0.527
11/8/18,8,heat,Sym,heat_2,C8,0.582,0.522,0.61
11/8/18,8,heat,Sym,heat_2,J11,0.612,0.631,0.613
11/8/18,8,heat,Sym,heat_2,H19,0.567,0.548,0.546
11/8/18,8,heat,Sym,heat_2,R11,0.571,0.508,0.532
11/8/18,8,heat,Sym,heat_2,F6,0.551,0.616,0.638
11/8/18,8,heat,Sym,heat_2,I3,0.639,0.641,0.634
11/8/18,8,heat,Sym,heat_2,D6,0.503,0.524,0.521
11/8/18,8,heat,Sym,heat_2,B6,0.673,0.648,0.648
11/8/18,8,heat,Sym,heat_2,L8,0.597,0.557,0.625
11/8/18,8,heat,Sym,heat_2,M6,0.644,0.588,0.622
11/8/18,8,heat,Apo,heat_2,H7,0.688,0.591,0.636
11/8/18,8,heat,Apo,heat_2,E1,0.567,0.639,0.591
11/8/18,8,heat,Apo,heat_2,N6,0.602,0.672,0.65
11/8/18,8,heat,Apo,heat_2,Q7,0.61,0.598,0.533
11/8/18,8,heat,Apo,heat_2,K6,0.626,0.583,0.66
11/8/18,8,heat,Apo,heat_2,A6,0.602,0.542,0.548
11/8/18,8,heat,Sym,heat_3,F9,0.647,0.588,0.592
11/8/18,8,heat,Sym,heat_3,R9,0.616,0.566,0.627
11/8/18,8,heat,Sym,heat_3,I9,0.608,0.629,0.548
11/8/18,8,heat,Sym,heat_3,H18,0.638,0.65,0.666
11/8/18,8,heat,Sym,heat_3,C11,0.522,0.548,0.613
11/8/18,8,heat,Sym,heat_3,J15,0.585,0.596,0.607
11/8/18,8,heat,Sym,heat_3,L10,0.654,0.67,0.652
11/8/18,8,heat,Sym,heat_3,B9,0.642,0.652,0.573
11/8/18,8,heat,Sym,heat_3,D9,0.611,0.594,0.586
11/8/18,8,heat,Apo,heat_3,Q11,0.644,0.646,0.622
11/8/18,8,heat,Apo,heat_3,E3,0.468,0.551,0.511
11/8/18,8,heat,Apo,heat_3,H15,0.58,0.603,0.635
11/8/18,8,heat,Apo,heat_3,N9,0.582,0.6,0.676
11/8/18,8,heat,Apo,heat_3,A9,0.653,0.652,0.655
11/8/18,8,heat,Apo,heat_3,O5,0.618,0.53,0.511
11/11/18,11,heat,Sym,heat_1,M3,0.568,0.601,0.649
11/11/18,11,heat,Sym,heat_1,J6,0.564,0.485,0.579
11/11/18,11,heat,Sym,heat_1,F3,0.557,0.592,0.598
11/11/18,11,heat,Sym,heat_1,I3,0.6,0.593,0.602
11/11/18,11,heat,Sym,heat_1,R3,0.61,0.621,0.587
11/11/18,11,heat,Sym,heat_1,H9,0.588,0.573,0.587
11/11/18,11,heat,Sym,heat_1,L4,0.596,0.498,0.583
11/11/18,11,heat,Sym,heat_1,D3,0.474,0.479,0.589
11/11/18,11,heat,Sym,heat_1,C5,0.624,0.645,0.614
11/11/18,11,heat,Sym,heat_1,B3,0.021,0.027,0.015
11/11/18,11,heat,Apo,heat_1,H3,0.62,0.63,0.606
11/11/18,11,heat,Apo,heat_1,N3,0.624,0.626,0.588
11/11/18,11,heat,Apo,heat_1,K3,0.681,0.603,0.571
11/11/18,11,heat,Apo,heat_1,P3,0.59,0.492,0.528
11/11/18,11,heat,Apo,heat_1,A3,0.506,0.618,0.557
11/11/18,11,heat,Apo,heat_1,E5,0.667,0.618,0.656
11/11/18,11,heat,Sym,heat_2,B6,0.091,0,0.004
11/11/18,11,heat,Sym,heat_2,L8,0.568,0.578,0.585
11/11/18,11,heat,Sym,heat_2,M6,0.63,0.632,0.631
11/11/18,11,heat,Sym,heat_2,C8,0.605,0.614,0.623
11/11/18,11,heat,Sym,heat_2,J11,0.647,0.609,0.638
11/11/18,11,heat,Sym,heat_2,H19,0.552,0.594,0.544
11/11/18,11,heat,Sym,heat_2,R11,0.613,0.606,0.596
11/11/18,11,heat,Sym,heat_2,F6,0.602,0.581,0.567
11/11/18,11,heat,Sym,heat_2,I6,0.648,0.626,0.627
11/11/18,11,heat,Sym,heat_2,D6,0.559,0.607,0.578
11/11/18,11,heat,Apo,heat_2,Q7,0.544,0.631,0.681
11/11/18,11,heat,Apo,heat_2,K6,0.659,0.623,0.612
11/11/18,11,heat,Apo,heat_2,A6,0.577,0.604,0.598
11/11/18,11,heat,Apo,heat_2,H7,0.621,0.65,0.691
11/11/18,11,heat,Apo,heat_2,E1,0.602,0.651,0.608
11/11/18,11,heat,Apo,heat_2,N6,0.587,0.605,0.547
11/11/18,11,heat,Sym,heat_3,L10,0.653,0.63,0.636
11/11/18,11,heat,Sym,heat_3,B9,0.601,0.622,0.616
11/11/18,11,heat,Sym,heat_3,D9,0.562,0.581,0.591
11/11/18,11,heat,Sym,heat_3,F9,0.621,0.62,0.653
11/11/18,11,heat,Sym,heat_3,R9,0.601,0.564,0.602
11/11/18,11,heat,Sym,heat_3,I9,0.562,0.631,0.64
11/11/18,11,heat,Sym,heat_3,H18,0.158,0.085,0.051
11/11/18,11,heat,Sym,heat_3,C11,0.649,0.62,0.68
11/11/18,11,heat,Sym,heat_3,J15,0.577,0.377,0.423
11/11/18,11,heat,Apo,heat_3,N9,0.571,0.574,0.61
11/11/18,11,heat,Apo,heat_3,A9,0.354,0.295,0.407
11/11/18,11,heat,Apo,heat_3,O5,0.652,0.579,0.671
11/11/18,11,heat,Apo,heat_3,Q11,0.659,0.586,0.553
11/11/18,11,heat,Apo,heat_3,E3,0.604,0.575,0.555
11/11/18,11,heat,Apo,heat_3,H15,0.594,0.627,0.587
11/11/18,11,control,Sym,control_1,M1,0.634,0.636,0.633
11/11/18,11,control,Sym,control_1,J1,0.633,0.648,0.626
11/11/18,11,control,Sym,control_1,R1,0.659,0.651,0.669
11/11/18,11,control,Sym,control_1,L2,0.669,0.66,0.673
11/11/18,11,control,Sym,control_1,H4,0.615,0.644,0.645
11/11/18,11,control,Sym,control_1,I1,0.637,0.562,0.62
11/11/18,11,control,Sym,control_1,F1,0.639,0.62,0.572
11/11/18,11,control,Sym,control_1,D1,0.611,0.569,0.619
11/11/18,11,control,Sym,control_1,B1,0.688,0.658,0.642
11/11/18,11,control,Sym,control_1,C2,0.665,0.638,0.664
11/11/18,11,control,Apo,control_1,H1,0.626,0.61,0.686
11/11/18,11,control,Apo,control_1,P1,0.628,0.667,0.686
11/11/18,11,control,Apo,control_1,K1,0.675,0.623,0.67
11/11/18,11,control,Apo,control_1,A1,0.571,0.597,0.562
11/11/18,11,control,Apo,control_1,N1,0.43,0.524,0.429
11/11/18,11,control,Apo,control_1,E2,0.496,0.556,0.605
11/11/18,11,control,Sym,control_2,J7,0.619,0.6,0.625
11/11/18,11,control,Sym,control_2,M4,0.699,0.676,0.68
11/11/18,11,control,Sym,control_2,D4,0.569,0.572,0.552
11/11/18,11,control,Sym,control_2,R4,0.621,0.638,0.588
11/11/18,11,control,Sym,control_2,I4,0.542,0.629,0.638
11/11/18,11,control,Sym,control_2,H12,0.579,0.602,0.532
11/11/18,11,control,Sym,control_2,F4,0.677,0.638,0.643
11/11/18,11,control,Sym,control_2,C6,0.666,0.637,0.633
11/11/18,11,control,Sym,control_2,L6,0.684,0.691,0.663
11/11/18,11,control,Sym,control_2,B4,0.671,0.663,0.658
11/11/18,11,control,Apo,control_2,E7,0.604,0.55,0.591
11/11/18,11,control,Apo,control_2,N4,0.563,0.534,0.439
11/11/18,11,control,Apo,control_2,Q1,0.548,0.645,0.514
11/11/18,11,control,Apo,control_2,K4,0.643,0.689,0.64
11/11/18,11,control,Apo,control_2,A4,0.657,0.688,0.609
11/11/18,11,control,Apo,control_2,H5,0.501,0.525,0.543
11/11/18,11,control,Sym,control_3,H20,0.632,0.667,0.679
11/11/18,11,control,Sym,control_3,J13,0.63,0.632,0.673
11/11/18,11,control,Sym,control_3,F7,0.62,0.589,0.629
11/11/18,11,control,Sym,control_3,I7,0.57,0.563,0.605
11/11/18,11,control,Sym,control_3,B7,0.596,0.558,0.601
11/11/18,11,control,Sym,control_3,D7,0.6,0.625,0.636
11/11/18,11,control,Sym,control_3,M7,0.655,0.65,0.651
11/11/18,11,control,Sym,control_3,R7,0.59,0.586,0.613
11/11/18,11,control,Sym,control_3,C9,0.633,0.646,0.637
11/11/18,11,control,Apo,control_3,K7,0.554,0.566,0.532
11/11/18,11,control,Apo,control_3,H10,0.57,0.584,0.55
11/11/18,11,control,Apo,control_3,A7,0.651,0.594,0.639
11/11/18,11,control,Apo,control_3,O1,0.615,0.662,0.646
11/11/18,11,control,Apo,control_3,N7,0.673,0.568,0.636
11/11/18,11,control,Apo,control_3,E11,0.5,0.556,0.519
11/11/18,11,cold,Sym,cold_1,I2,0.312,0.343,0.409
11/11/18,11,cold,Sym,cold_1,H8,0.641,0.642,0.578
11/11/18,11,cold,Sym,cold_1,J3,0.57,0.586,0.406
11/11/18,11,cold,Sym,cold_1,M2,0.407,0.337,0.298
11/11/18,11,cold,Sym,cold_1,F2,0.335,0.241,0.251
11/11/18,11,cold,Sym,cold_1,L3,0.308,0.305,0.391
11/11/18,11,cold,Sym,cold_1,C4,0.526,0.432,0.402
11/11/18,11,cold,Sym,cold_1,D2,0.438,0.38,0.456
11/11/18,11,cold,Sym,cold_1,B2,0.348,0.382,0.502
11/11/18,11,cold,Sym,cold_1,R2,0.357,0.445,0.494
11/11/18,11,cold,Apo,cold_1,E4,0.265,0.202,0.422
11/11/18,11,cold,Apo,cold_1,K2,0.148,0.139,0.227
11/11/18,11,cold,Apo,cold_1,A2,0.213,0.269,0.293
11/11/18,11,cold,Apo,cold_1,H2,0.179,0.176,0.28
11/11/18,11,cold,Apo,cold_1,P2,0.375,0.458,0.325
11/11/18,11,cold,Apo,cold_1,N2,0.432,0.562,0.329
11/11/18,11,cold,Sym,cold_2,L7,0.405,0.426,0.449
11/11/18,11,cold,Sym,cold_2,J8,0.397,0.564,0.463
11/11/18,11,cold,Sym,cold_2,I5,0.469,0.551,0.329
11/11/18,11,cold,Sym,cold_2,F5,0.302,0.248,0.393
11/11/18,11,cold,Sym,cold_2,M5,0.237,0.245,0.284
11/11/18,11,cold,Sym,cold_2,R5,0.631,0.638,0.535
11/11/18,11,cold,Sym,cold_2,B5,0.612,0.453,0.552
11/11/18,11,cold,Sym,cold_2,C7,0.305,0.325,0.308
11/11/18,11,cold,Sym,cold_2,H13,0.582,0.598,0.598
11/11/18,11,cold,Sym,cold_2,D5,0.375,0.323,0.311
11/11/18,11,cold,Apo,cold_2,Q4,0.252,0.268,0.362
11/11/18,11,cold,Apo,cold_2,K5,0.23,0.385,0.358
11/11/18,11,cold,Apo,cold_2,A5,0.423,0.324,0.398
11/11/18,11,cold,Apo,cold_2,E9,0.41,0.363,0.471
11/11/18,11,cold,Apo,cold_2,N5,0.195,0.261,0.294
11/11/18,11,cold,Apo,cold_2,H6,0.178,0.193,0.164
11/11/18,11,cold,Sym,cold_3,I8,0.533,0.547,0.477
11/11/18,11,cold,Sym,cold_3,B8,0.62,0.637,0.614
11/11/18,11,cold,Sym,cold_3,D11,0.274,0.222,0.354
11/11/18,11,cold,Sym,cold_3,R8,0.356,0.358,0.289
11/11/18,11,cold,Sym,cold_3,F8,0.59,0.541,0.507
11/11/18,11,cold,Sym,cold_3,J14,0.622,0.551,0.612
11/11/18,11,cold,Sym,cold_3,C10,0.219,0.238,0.278
11/11/18,11,cold,Sym,cold_3,L11,0.162,0.17,0.103
11/11/18,11,cold,Sym,cold_3,H21,0.41,0.316,0.351
11/11/18,11,cold,Apo,cold_3,A8,0.27,0.237,0.343
11/11/18,11,cold,Apo,cold_3,H11,0.274,0.425,0.325
11/11/18,11,cold,Apo,cold_3,Q10,0.472,0.574,0.406
11/11/18,11,cold,Apo,cold_3,N8,0.281,0.171,0.397
11/11/18,11,cold,Apo,cold_3,E10,0.426,0.465,0.324
11/11/18,11,cold,Apo,cold_3,O2,0.399,0.248,0.378
11/14/18,14,cold,Sym,cold_1,D2,0.276,0.276,0.276
11/14/18,14,cold,Sym,cold_1,B2,0.589,0.598,0.602
11/14/18,14,cold,Sym,cold_1,R2,0.473,0.587,0.604
11/14/18,14,cold,Sym,cold_1,I2,0.226,0.177,0.156
11/14/18,14,cold,Sym,cold_1,H8,0.565,0.374,0.407
11/14/18,14,cold,Sym,cold_1,J3,0.47,0.594,0.571
11/14/18,14,cold,Sym,cold_1,M2,0.552,0.589,0.613
11/14/18,14,cold,Sym,cold_1,F2,0.471,0.624,0.482
11/14/18,14,cold,Sym,cold_1,L3,0.275,0.158,0.369
11/14/18,14,cold,Sym,cold_1,C4,0.535,0.475,0.462
11/14/18,14,cold,Apo,cold_1,H2,0.141,0.213,0.28
11/14/18,14,cold,Apo,cold_1,P2,0.213,0.211,0.262
11/14/18,14,cold,Apo,cold_1,N2,0.429,0.461,0.352
11/14/18,14,cold,Apo,cold_1,E4,0.512,0.47,0.32
11/14/18,14,cold,Apo,cold_1,K2,0.504,0.519,0.461
11/14/18,14,cold,Apo,cold_1,A2,0.504,0.434,0.494
11/14/18,14,cold,Sym,cold_2,C7,0.296,0.293,0.278
11/14/18,14,cold,Sym,cold_2,H13,0.516,0.497,0.406
11/14/18,14,cold,Sym,cold_2,D5,0.182,0.372,0.25
11/14/18,14,cold,Sym,cold_2,L7,0.492,0.454,0.494
11/14/18,14,cold,Sym,cold_2,J8,0.518,0.584,0.584
11/14/18,14,cold,Sym,cold_2,I5,0.592,0.621,0.536
11/14/18,14,cold,Sym,cold_2,F5,0.326,0.23,0.205
11/14/18,14,cold,Sym,cold_2,M5,0.366,0.338,0.124
11/14/18,14,cold,Sym,cold_2,R5,0.66,0.606,0.576
11/14/18,14,cold,Sym,cold_2,B5,0.466,0.556,0.551
11/14/18,14,cold,Apo,cold_2,E9,0.142,0.368,0.256
11/14/18,14,cold,Apo,cold_2,N5,0.524,0.44,0.431
11/14/18,14,cold,Apo,cold_2,H6,0.187,0.2,0.288
11/14/18,14,cold,Apo,cold_2,Q4,0.446,0.433,0.482
11/14/18,14,cold,Apo,cold_2,K5,0.108,0.463,0.098
11/14/18,14,cold,Apo,cold_2,A5,0.292,0.326,0.439
11/14/18,14,cold,Sym,cold_3,C10,0.312,0.408,0.291
11/14/18,14,cold,Sym,cold_3,L11,0.199,0.188,0.141
11/14/18,14,cold,Sym,cold_3,H21,0.237,0.165,0.163
11/14/18,14,cold,Sym,cold_3,I8,0.328,0.295,0.465
11/14/18,14,cold,Sym,cold_3,B8,0.517,0.545,0.555
11/14/18,14,cold,Sym,cold_3,D11,0.382,0.337,0.102
11/14/18,14,cold,Sym,cold_3,R8,0.282,0.19,0.136
11/14/18,14,cold,Sym,cold_3,F8,0.352,0.339,0.459
11/14/18,14,cold,Sym,cold_3,J14,0.492,0.435,0.572
11/14/18,14,cold,Apo,cold_3,N8,0.283,0.404,0.291
11/14/18,14,cold,Apo,cold_3,E10,0.212,0.161,0.347
11/14/18,14,cold,Apo,cold_3,O2,0.239,0.223,0.454
11/14/18,14,cold,Apo,cold_3,A8,0.294,0.116,0.297
11/14/18,14,cold,Apo,cold_3,H11,0.356,0.414,0.344
11/14/18,14,control,Apo,control_1,Q10,0.173,0.163,0.222
11/14/18,14,control,Sym,control_1,D1,0.635,0.612,0.592
11/14/18,14,control,Sym,control_1,B1,0.605,0.639,0.664
11/14/18,14,control,Sym,control_1,C2,0.62,0.681,0.685
11/14/18,14,control,Sym,control_1,M1,0.648,0.654,0.629
11/14/18,14,control,Sym,control_1,J1,0.641,0.676,0.594
11/14/18,14,control,Sym,control_1,R1,0.644,0.677,0.612
11/14/18,14,control,Sym,control_1,L2,0.631,0.641,0.622
11/14/18,14,control,Sym,control_1,H4,0.67,0.642,0.676
11/14/18,14,control,Sym,control_1,I4,0.616,0.681,0.683
11/14/18,14,control,Sym,control_1,F1,0.657,0.66,0.699
11/14/18,14,control,Apo,control_1,A1,0.562,0.613,0.632
11/14/18,14,control,Apo,control_1,N1,0.446,0.54,0.511
11/14/18,14,control,Apo,control_1,E2,0.613,0.634,0.656
11/14/18,14,control,Apo,control_1,H1,0.678,0.664,0.632
11/14/18,14,control,Apo,control_1,P1,0.638,0.658,0.569
11/14/18,14,control,Apo,control_1,K1,0.671,0.671,0.622
11/14/18,14,control,Sym,control_2,C6,0.64,0.693,0.644
11/14/18,14,control,Sym,control_2,L6,0.667,0.679,0.637
11/14/18,14,control,Sym,control_2,B4,0.575,0.674,0.642
11/14/18,14,control,Sym,control_2,J7,0.647,0.651,0.64
11/14/18,14,control,Sym,control_2,M4,0.605,0.657,0.594
11/14/18,14,control,Sym,control_2,D4,0.597,0.615,0.622
11/14/18,14,control,Sym,control_2,R4,0.659,0.61,0.654
11/14/18,14,control,Sym,control_2,I4,0.645,0.648,0.654
11/14/18,14,control,Sym,control_2,H12,0.685,0.599,0.667
11/14/18,14,control,Sym,control_2,F4,0.615,0.693,0.678
11/14/18,14,control,Apo,control_2,K4,0.652,0.637,0.666
11/14/18,14,control,Apo,control_2,A4,0.576,0.581,0.621
11/14/18,14,control,Apo,control_2,H5,0.512,0.603,0.56
11/14/18,14,control,Apo,control_2,E7,0.502,0.466,0.491
11/14/18,14,control,Apo,control_2,N4,0.623,0.549,0.624
11/14/18,14,control,Apo,control_2,Q1,0.637,0.647,0.644
11/14/18,14,control,Sym,control_3,D7,0.512,0.633,0.598
11/14/18,14,control,Sym,control_3,M7,0.697,0.634,0.629
11/14/18,14,control,Sym,control_3,R7,0.648,0.611,0.685
11/14/18,14,control,Sym,control_3,C9,0.58,0.668,0.665
11/14/18,14,control,Sym,control_3,H20,0.624,0.689,0.672
11/14/18,14,control,Sym,control_3,J13,0.691,0.669,0.664
11/14/18,14,control,Sym,control_3,F7,0.665,0.619,0.647
11/14/18,14,control,Sym,control_3,I7,0.59,0.566,0.675
11/14/18,14,control,Sym,control_3,B7,0.67,0.657,0.691
11/14/18,14,control,Apo,control_3,O1,0.647,0.596,0.578
11/14/18,14,control,Apo,control_3,N7,0.621,0.664,0.684
11/14/18,14,control,Apo,control_3,E11,0.602,0.678,0.616
11/14/18,14,control,Apo,control_3,K7,0.635,0.6,0.659
11/14/18,14,control,Apo,control_3,H10,0.5,0.489,0.549
11/14/18,14,control,Apo,control_3,A7,0.67,0.683,0.645
11/14/18,14,heat,Sym,heat_1,D3,0.59,0.5,0.541
11/14/18,14,heat,Sym,heat_1,C5,0.653,0.682,0.636
11/14/18,14,heat,Sym,heat_1,B3,0.611,0.552,0.535
11/14/18,14,heat,Sym,heat_1,M3,0.589,0.57,0.546
11/14/18,14,heat,Sym,heat_1,J6,0.663,0.568,0.543
11/14/18,14,heat,Sym,heat_1,F3,0.475,0.452,0.431
11/14/18,14,heat,Sym,heat_1,I3,0.598,0.686,0.562
11/14/18,14,heat,Sym,heat_1,R3,0.348,0.459,0.509
11/14/18,14,heat,Sym,heat_1,H9,0.593,0.563,0.631
11/14/18,14,heat,Sym,heat_1,L4,0.66,0.688,0.609
11/14/18,14,heat,Apo,heat_1,P3,0.552,0.566,0.567
11/14/18,14,heat,Apo,heat_1,A3,0.644,0.564,0.567
11/14/18,14,heat,Apo,heat_1,E5,0.623,0.55,0.519
11/14/18,14,heat,Apo,heat_1,H3,0.516,0.621,0.616
11/14/18,14,heat,Apo,heat_1,N3,0.547,0.543,0.645
11/14/18,14,heat,Apo,heat_1,K3,0.659,0.605,0.658
11/14/18,14,heat,Sym,heat_2,F6,0.44,0.374,0.412
11/14/18,14,heat,Sym,heat_2,I6,0.655,0.669,0.589
11/14/18,14,heat,Sym,heat_2,D6,0.62,0.608,0.568
11/14/18,14,heat,Sym,heat_2,B6,0.576,0.458,0.488
11/14/18,14,heat,Sym,heat_2,L8,0.619,0.476,0.547
11/14/18,14,heat,Sym,heat_2,M6,0.633,0.546,0.574
11/14/18,14,heat,Sym,heat_2,C8,0.596,0.662,0.545
11/14/18,14,heat,Sym,heat_2,J11,0.627,0.489,0.599
11/14/18,14,heat,Sym,heat_2,H19,0.604,0.599,0.608
11/14/18,14,heat,Sym,heat_2,R11,0.565,0.424,0.494
11/14/18,14,heat,Apo,heat_2,H7,0.575,0.578,0.516
11/14/18,14,heat,Apo,heat_2,E1,0.636,0.643,0.579
11/14/18,14,heat,Apo,heat_2,N6,0.476,0.443,0.427
11/14/18,14,heat,Apo,heat_2,Q7,0.597,0.609,0.611
11/14/18,14,heat,Apo,heat_2,K6,0.635,0.59,0.649
11/14/18,14,heat,Apo,heat_2,A6,0.653,0.667,0.642
11/14/18,14,heat,Sym,heat_3,H18,0.547,0.654,0.453
11/14/18,14,heat,Sym,heat_3,C11,0.611,0.641,0.644
11/14/18,14,heat,Sym,heat_3,J15,0.44,0.466,0.454
11/14/18,14,heat,Sym,heat_3,L10,0.67,0.576,0.622
11/14/18,14,heat,Sym,heat_3,B9,0.591,0.627,0.587
11/14/18,14,heat,Sym,heat_3,D9,0.544,0.536,0.588
11/14/18,14,heat,Sym,heat_3,F9,0.635,0.614,0.64
11/14/18,14,heat,Sym,heat_3,R9,0.616,0.595,0.536
11/14/18,14,heat,Sym,heat_3,I9,0.569,0.617,0.532
11/14/18,14,heat,Apo,heat_3,Q11,0.696,0.664,0.653
11/14/18,14,heat,Apo,heat_3,E3,0.542,0.581,0.572
11/14/18,14,heat,Apo,heat_3,H15,0.588,0.609,0.597
11/14/18,14,heat,Apo,heat_3,N9,0.572,0.547,0.553
11/14/18,14,heat,Apo,heat_3,A9,0.579,0.625,0.586
11/14/18,14,heat,Apo,heat_3,O5,0.625,0.587,0.574